tweet-sno-0	0	vclaim-sno-hero-wombats-australia-fires	1
tweet-sno-1	0	vclaim-sno-ilhan-omar-treason-advice-iran	1
tweet-sno-2	0	vclaim-sno-us-army-sending-texts-on-draft	1
tweet-sno-3	0	vclaim-sno-us-army-sending-texts-on-draft	1
tweet-sno-4	0	vclaim-sno-video-of-drone-strike-soleimani	1
tweet-sno-5	0	vclaim-sno-obama-shaking-hands-rouhani	1
tweet-sno-6	0	vclaim-sno-wedding-rings-holocaust-victims	1
tweet-sno-7	0	vclaim-sno-iran-trump-bounty	1
tweet-sno-8	0	vclaim-sno-is-minecraft-shutting-down	1
tweet-sno-9	0	vclaim-sno-is-minecraft-shutting-down	1
tweet-sno-10	0	vclaim-sno-minecraft-for-mein-kampf-mixup	1
tweet-sno-11	0	vclaim-sno-trump-cut-from-home-alone-2	1
tweet-sno-12	0	vclaim-sno-bloomberg-campaign-prisoners	1
tweet-sno-13	0	vclaim-sno-nazi-flag-menorah-hanukkah	1
tweet-sno-14	0	vclaim-sno-graham-impeachment-obstruction	1
tweet-sno-15	0	vclaim-sno-us-wakanda-trading-partner	1
tweet-sno-16	0	vclaim-sno-us-wakanda-trading-partner	1
tweet-sno-17	0	vclaim-sno-maga-students-video	1
tweet-sno-18	0	vclaim-sno-pnb-rock-killed-buying-prada	1
tweet-sno-19	0	vclaim-sno-leeds-hospital-floor-photo	1
tweet-sno-20	0	vclaim-sno-leeds-hospital-floor-photo	1
tweet-sno-21	0	vclaim-sno-stick-my-neck-out	1
tweet-sno-22	0	vclaim-sno-stephanie-grisham-dui	1
tweet-sno-23	0	vclaim-sno-keystone-pipeline-leak	1
tweet-sno-24	0	vclaim-sno-trump-threaten-whistleblower	1
tweet-sno-25	0	vclaim-sno-fox-news-guest-greta-thunberg	1
tweet-sno-26	0	vclaim-sno-border-wall-fence-trump-climb	1
tweet-sno-27	0	vclaim-sno-blackface-governors-vs-blacks	1
tweet-sno-28	0	vclaim-sno-trump-my-crimes-investigated	1
tweet-sno-29	0	vclaim-sno-buttigieg-chick-fil-a	1
tweet-sno-30	0	vclaim-sno-trump-campaign-photoshop-hat	1
tweet-sno-31	0	vclaim-sno-alabama-bless-incest-marriage	1
tweet-sno-32	0	vclaim-sno-bahamians-kicked-off-ferry	1
tweet-sno-33	0	vclaim-sno-cocaine-bricks-wash-up-dorian	1
tweet-sno-34	0	vclaim-sno-united-states-safest-country	1
tweet-sno-35	0	vclaim-sno-pence-rainbow-flags-iceland	1
tweet-sno-36	0	vclaim-sno-amusement-park-break-in-lawsuit	1
tweet-sno-37	0	vclaim-sno-odessa-shooting-orourke	1
tweet-sno-38	0	vclaim-sno-odessa-shooting-orourke	1
tweet-sno-39	0	vclaim-sno-president-trump-dorian-map-sharpie	1
tweet-sno-40	0	vclaim-sno-president-trump-dorian-map-sharpie	1
tweet-sno-41	0	vclaim-sno-hillary-clinton-dorian	1
tweet-sno-42	0	vclaim-sno-cnn-mislabel-alabama-map	1
tweet-sno-43	0	vclaim-sno-chelsea-clinton-satanism-respect	1
tweet-sno-44	0	vclaim-sno-overseas-us-troops-kids-citizens	1
tweet-sno-45	0	vclaim-sno-trumps-hotel-g7-settle-lawsuit	1
tweet-sno-46	0	vclaim-sno-epstein-island-bones	1
tweet-sno-47	0	vclaim-sno-joe-biden-college-debt	1
tweet-sno-48	0	vclaim-sno-olive-garden-trump-reelection	1
tweet-sno-49	0	vclaim-sno-trump-nuke-hurricanes	1
tweet-sno-50	0	vclaim-sno-psychiatrist-hitler-stalin-and-mao	1
tweet-sno-51	0	vclaim-sno-fox-guest-shooting-up-pot-gaffe	1
tweet-sno-52	0	vclaim-sno-trump-second-coming-king-israel	1
tweet-sno-53	0	vclaim-sno-trump-second-coming-king-israel	1
tweet-sno-54	0	vclaim-sno-trump-second-coming-king-israel	1
tweet-sno-55	0	vclaim-sno-simpsons-trump-buy-greenland	1
tweet-sno-56	0	vclaim-sno-amazon-rainforest-on-fire-2019	1
tweet-sno-57	0	vclaim-sno-president-trump-wedding	1
tweet-sno-58	0	vclaim-sno-cvs-trump-2020-campaign	1
tweet-sno-59	0	vclaim-sno-ellen-weintraub-trump-voter-fraud	1
tweet-sno-60	0	vclaim-sno-shell-trump-rally-pay	1
tweet-sno-61	0	vclaim-sno-maga-mean-easily-fooled-idiot	1
tweet-sno-62	0	vclaim-sno-dragon-over-baseball-stadium	1
tweet-sno-63	0	vclaim-sno-dragon-over-baseball-stadium	1
tweet-sno-64	0	vclaim-sno-orphan-thumbs-up	1
tweet-sno-65	0	vclaim-sno-bang-energy-trump-campaign	1
tweet-sno-66	0	vclaim-sno-brian-kilmeade-invasion	1
tweet-sno-67	0	vclaim-sno-trump-laugh-immigrants-shot	1
tweet-sno-68	0	vclaim-sno-trump-tweets-invaders-deleted	1
tweet-sno-69	0	vclaim-sno-democrats-in-italy	1
tweet-sno-70	0	vclaim-sno-democrats-in-italy	1
tweet-sno-71	0	vclaim-sno-seesaws-at-us-mexico-border	1
tweet-sno-72	0	vclaim-sno-bernie-sanders-baltimore	1
tweet-sno-73	0	vclaim-sno-jim-jordan-911-tweet	1
tweet-sno-74	0	vclaim-sno-jim-jordan-911-tweet	1
tweet-sno-75	0	vclaim-sno-ilhan-omar-white-men-fear	1
tweet-sno-76	0	vclaim-sno-mueller-report-no-obstruction	1
tweet-sno-77	0	vclaim-sno-trump-speech-presidential-seal	1
tweet-sno-78	0	vclaim-sno-werner-herzog-germany-quote	1
tweet-sno-79	0	vclaim-sno-zuckerberg-facebook-ireland-ads	1
tweet-sno-80	0	vclaim-sno-ilhan-omar-and-aoc-polling	1
tweet-sno-81	0	vclaim-sno-bill-clinton-with-jeffrey-epstein	1
tweet-sno-82	0	vclaim-sno-priest-pushed-off-brazil-stage	1
tweet-sno-83	0	vclaim-sno-perfume-car-fire-ac	1
tweet-sno-84	0	vclaim-sno-india-theme-park-ride-collapses	1
tweet-sno-85	0	vclaim-sno-elderly-pair-homeless-california	1
tweet-sno-86	0	vclaim-sno-plane-fuel-tanker	1
tweet-sno-87	0	vclaim-sno-frederica-wilson-online-congress	1
tweet-sno-88	0	vclaim-sno-jfk-inaugural-parade-tanks	1
tweet-sno-89	0	vclaim-sno-rapinoe-flag-stomp	1
tweet-sno-90	0	vclaim-sno-skinhead-cop-tattoo-jewish	1
tweet-sno-91	0	vclaim-sno-trump-revolutionary-war-airports	1
tweet-sno-92	0	vclaim-sno-trump-revolutionary-war-airports	1
tweet-sno-93	0	vclaim-sno-milkshakes-thrown-in-portland	1
tweet-sno-94	0	vclaim-sno-elderly-man-beaten-in-portland	1
tweet-sno-95	0	vclaim-sno-elderly-man-beaten-in-portland	1
tweet-sno-96	0	vclaim-sno-trump-iran-tweets-obama	1
tweet-sno-97	0	vclaim-sno-trump-iran-tweets-obama	1
tweet-sno-98	0	vclaim-sno-trump-iran-tweets-obama	1
tweet-sno-99	0	vclaim-sno-trump-iran-tweets-obama	1
tweet-sno-100	0	vclaim-sno-trump-iran-tweets-obama	1
tweet-sno-101	0	vclaim-sno-biden-kkk-klan-wizard	1
tweet-sno-102	0	vclaim-sno-aoc-empty-parking-lot	1
tweet-sno-103	0	vclaim-sno-donald-trump-30-men-maternity-care	1
tweet-sno-104	0	vclaim-sno-man-wakes-up-3-day-coma	1
tweet-sno-105	0	vclaim-sno-man-wakes-up-3-day-coma	1
tweet-sno-106	0	vclaim-sno-huge-ammonite	1
tweet-sno-107	0	vclaim-sno-trump-supporters-leave-trash	1
tweet-sno-108	0	vclaim-sno-trump-cleanest-air-world	1
tweet-sno-109	0	vclaim-sno-alabama-mayor-mark-chambers	1
tweet-sno-110	0	vclaim-sno-video-trump-supporters	1
tweet-sno-111	0	vclaim-sno-einstein-sound-and-light-waves	1
tweet-sno-112	0	vclaim-sno-imperial-march-uk-trump	1
tweet-sno-113	0	vclaim-sno-lincoln-destroyed-from-outside	1
tweet-sno-114	0	vclaim-sno-roosevelt-answer-to-terrorism	1
tweet-sno-115	0	vclaim-sno-uss-mccain-trump	1
tweet-sno-116	0	vclaim-sno-trump-quote-kim-jong-un-biden	1
tweet-sno-117	0	vclaim-sno-trump-quote-kim-jong-un-biden	1
tweet-sno-118	0	vclaim-sno-trump-quote-kim-jong-un-biden	1
tweet-sno-119	0	vclaim-sno-obama-foreign-contributions	1
tweet-sno-120	0	vclaim-sno-nancy-pelosi-slurring-speech	1
tweet-sno-121	0	vclaim-sno-1996-law-non-citizens-vote	1
tweet-sno-122	0	vclaim-sno-georgia-abortion-law	1
tweet-sno-123	0	vclaim-sno-georgia-abortion-law	1
tweet-sno-124	0	vclaim-sno-joe-biden-put-yall-back-in-chains	1
tweet-sno-125	0	vclaim-sno-joe-biden-put-yall-back-in-chains	1
tweet-sno-126	0	vclaim-sno-jefferson-government-corrupt-liars	1
tweet-sno-127	0	vclaim-sno-omar-if-israel-is-so-innocent	1
tweet-sno-128	0	vclaim-sno-omar-if-israel-is-so-innocent	1
tweet-sno-129	0	vclaim-sno-omar-if-israel-is-so-innocent	1
tweet-sno-130	0	vclaim-sno-joe-biden-no-empathy	1
tweet-sno-131	0	vclaim-sno-sanders-christianity-muslim-view	1
tweet-sno-132	0	vclaim-sno-sanders-christianity-muslim-view	1
tweet-sno-133	0	vclaim-sno-dems-border-security-hearing	1
tweet-sno-134	0	vclaim-sno-migrants-beach-invasion	1
tweet-sno-135	0	vclaim-sno-obama-endorses-grandson-terrorist	1
tweet-sno-136	0	vclaim-sno-obama-endorses-grandson-terrorist	1
tweet-sno-137	0	vclaim-sno-oak-trees-versailles-notre-dame	1
tweet-sno-138	0	vclaim-sno-oak-trees-versailles-notre-dame	1
tweet-sno-139	0	vclaim-sno-trump-admin-disability-recipients	1
tweet-sno-140	0	vclaim-sno-canadians-eating-while-driving	1
tweet-sno-141	0	vclaim-sno-malabar-giant-squirrel	1
tweet-sno-142	0	vclaim-sno-brunei-stoning-laws	1
tweet-sno-143	0	vclaim-sno-aoc-fdr-amendment	1
tweet-sno-144	0	vclaim-sno-el-paso-bridge-immigrants	1
tweet-sno-145	0	vclaim-sno-el-paso-bridge-immigrants	1
tweet-sno-146	0	vclaim-sno-betsy-devos-special-olympics	1
tweet-sno-147	0	vclaim-sno-germany-ambassador-grenell	1
tweet-sno-148	0	vclaim-sno-abortion-drown-flush	1
tweet-sno-149	0	vclaim-sno-abortion-drown-flush	1
tweet-sno-150	0	vclaim-sno-quran-nz-attack-photo	1
tweet-sno-151	0	vclaim-sno-louis-vuitton-sponsor-human-zoos	1
tweet-sno-152	0	vclaim-sno-patrick-moore-climate-doubter	1
tweet-sno-153	0	vclaim-sno-trump-toupee-video-fake	1
tweet-sno-154	0	vclaim-sno-trump-toupee-video-fake	1
tweet-sno-155	0	vclaim-sno-human-zoo-1958-worlds-fair	1
tweet-sno-156	0	vclaim-sno-dianne-feinstein-confederate-flag	1
tweet-sno-157	0	vclaim-sno-pp-abortion-harvest-brain	1
tweet-sno-158	0	vclaim-sno-rnc-office-clinton-evidence	1
tweet-sno-159	0	vclaim-sno-paul-georges-number-change	1
tweet-sno-160	0	vclaim-sno-texas-governor-tweet-rapist	1
tweet-sno-161	0	vclaim-sno-democrats-college-immigrants	1
tweet-sno-162	0	vclaim-sno-ilhan-omar-marry-brother	1
tweet-sno-163	0	vclaim-sno-jacob-walter-anderson	1
tweet-sno-164	0	vclaim-sno-jacob-walter-anderson	1
tweet-sno-165	0	vclaim-sno-donald-trump-jr-teachers	1
tweet-sno-166	0	vclaim-sno-donald-trump-jr-teachers	1
tweet-sno-167	0	vclaim-sno-league-of-nazi-socialist-women	1
tweet-sno-168	0	vclaim-sno-el-paso-border-barrier-crime	1
tweet-sno-169	0	vclaim-sno-trump-sotu-super-bowl	1
tweet-sno-170	0	vclaim-sno-california-newborn-named-emoji	1
tweet-sno-171	0	vclaim-sno-kamala-harris-homeless-mother	1
tweet-sno-172	0	vclaim-sno-15-homeless-dead-in-chicago	1
tweet-sno-173	0	vclaim-sno-bellsletstalk-fundraising	1
tweet-sno-174	0	vclaim-sno-ilhan-omar-isis	1
tweet-sno-175	0	vclaim-sno-ilhan-omar-isis	1
tweet-sno-176	0	vclaim-sno-ilhan-omar-isis	1
tweet-sno-177	0	vclaim-sno-roger-stone-richard-nixon	1
tweet-sno-178	0	vclaim-sno-texas-non-citizen-voters	1
tweet-sno-179	0	vclaim-sno-texas-non-citizen-voters	1
tweet-sno-180	0	vclaim-sno-gerald-sharon-david-illegal-immigrant-nevada	1
tweet-sno-181	0	vclaim-sno-lettuce-deaths-illegal-immigrants	1
tweet-sno-182	0	vclaim-sno-chuck-schumer-heidi-fleiss	1
tweet-sno-183	0	vclaim-sno-chuck-schumer-heidi-fleiss	1
tweet-sno-184	0	vclaim-sno-chuck-schumer-heidi-fleiss	1
tweet-sno-185	0	vclaim-sno-chuck-schumer-heidi-fleiss	1
tweet-sno-186	0	vclaim-sno-chuck-schumer-heidi-fleiss	1
tweet-sno-187	0	vclaim-sno-chuck-schumer-heidi-fleiss	1
tweet-sno-188	0	vclaim-sno-kamala-harris-eligibility	1
tweet-sno-189	0	vclaim-sno-delegation-afghanistan-familes	1
tweet-sno-190	0	vclaim-sno-san-antonio-border-wall	1
tweet-sno-191	0	vclaim-sno-trump-borderwall-phone-survey	1
tweet-sno-192	0	vclaim-sno-jim-mattis-pantyhose-gun-control	1
tweet-sno-193	0	vclaim-sno-wall-street-border-wall	1
tweet-sno-194	0	vclaim-sno-wall-street-border-wall	1
tweet-sno-195	0	vclaim-sno-roger-stone-nixon-tattoo	1
tweet-sno-196	0	vclaim-sno-adam-schiffs-sister-was-married-to-george-soros-son	1
tweet-sno-197	0	vclaim-sno-trump-fine-stealing-veterans	1
tweet-sno-198	0	vclaim-sno-adam-schiff-settle-claim	1
tweet-sno-199	0	vclaim-sno-450-pound-dog	1
tweet-sno-200	0	vclaim-sno-schiff-refuse-gop-talk	1
tweet-sno-201	0	vclaim-sno-facebook-open-phones-camera	1
tweet-sno-202	0	vclaim-sno-trump-steal-kids-cancer-charity	1
tweet-sno-203	0	vclaim-sno-sons-top-democrats-ukraine-clinton	1
tweet-sno-204	0	vclaim-sno-sons-top-democrats-ukraine-clinton	1
tweet-sno-205	0	vclaim-sno-nike-workers-pay-kaepernick	1
tweet-sno-206	0	vclaim-sno-koala-australian-bushfires	1
tweet-sno-207	0	vclaim-sno-nancy-pelosi-voters-decide	1
tweet-sno-208	0	vclaim-sno-trump-sharpie-notes	1
tweet-sno-209	0	vclaim-sno-fox-news-vindman-statement	1
tweet-sno-210	0	vclaim-sno-julia-roberts-harriet-tubman	1
tweet-sno-211	0	vclaim-sno-berkeley-instructor-rural-usa	1
tweet-sno-212	0	vclaim-sno-greta-mural-spray-paint	1
tweet-sno-213	0	vclaim-sno-trump-veteran-service-dog	1
tweet-sno-214	0	vclaim-sno-shrink-a-penny-in-a-microwave	1
tweet-sno-215	0	vclaim-sno-vindman-fired-nsc	1
tweet-sno-216	0	vclaim-sno-vindman-fired-nsc	1
tweet-sno-217	0	vclaim-sno-vindman-fired-nsc	1
tweet-sno-218	0	vclaim-sno-pagoda-flower-bloom-400-years	1
tweet-sno-219	0	vclaim-sno-tulsi-gabbard-impeachment-vote	1
tweet-sno-220	0	vclaim-sno-andrew-johnson-impeach-3-days	1
tweet-sno-221	0	vclaim-sno-democrats-medicare-tax-plan	1
tweet-sno-222	0	vclaim-sno-al-baghdadi-wapo-headline	1
tweet-sno-223	0	vclaim-sno-al-baghdadi-released-obama	1
tweet-sno-224	0	vclaim-sno-al-baghdadi-released-obama	1
tweet-sno-225	0	vclaim-sno-president-trump-booed-world-series	1
tweet-sno-226	0	vclaim-sno-president-trump-booed-world-series	1
tweet-sno-227	0	vclaim-sno-trump-situation-room-photo	1
tweet-sno-228	0	vclaim-sno-trump-obama-bin-laden	1
tweet-sno-229	0	vclaim-sno-dolly-parton-2-songs-one-day	1
tweet-sno-230	0	vclaim-sno-trump-border-wall-colorado	1
tweet-sno-231	0	vclaim-sno-trump-finger-gesture-astronaut	1
tweet-sno-232	0	vclaim-sno-joe-biden-mansion	1
tweet-sno-233	0	vclaim-sno-joe-biden-mansion	1
tweet-sno-234	0	vclaim-sno-elizabeth-warren-mollie-tibbetts	1
tweet-sno-235	0	vclaim-sno-pg-venus-symbol-removed	1
tweet-sno-236	0	vclaim-sno-soldiers-crying-about-trump	1
tweet-sno-237	0	vclaim-sno-278-years-golf	1
tweet-sno-238	0	vclaim-sno-trump-letter-to-erdogan-turkey	1
tweet-sno-239	0	vclaim-sno-trump-italy-mozzarella-president	1
tweet-sno-240	0	vclaim-sno-trump-italy-mozzarella-president	1
tweet-sno-241	0	vclaim-sno-trump-italy-mozzarella-president	1
tweet-sno-242	0	vclaim-sno-abc-video-syrian-war-footage	1
tweet-sno-243	0	vclaim-sno-russian-warship-us-navy	1
tweet-sno-244	0	vclaim-sno-google-define-parasite-capitalist	1
tweet-sno-245	0	vclaim-sno-trey-gowdy-trumps-legal-team	1
tweet-sno-246	0	vclaim-sno-300-children-found-frozen-alive	1
tweet-sno-247	0	vclaim-sno-ivanka-trump-voting-machines	1
tweet-sno-248	0	vclaim-sno-trump-tower-kurd-banner	1
tweet-sno-249	0	vclaim-sno-barnes-noble-trump-pig-children	1
tweet-sno-250	0	vclaim-sno-hong-kong-protesters-projectors	1
tweet-sno-251	0	vclaim-sno-obama-tweet-ukraine	1
tweet-sno-252	0	vclaim-sno-heroin-sweetarts	1
tweet-sno-253	0	vclaim-sno-president-finland-wh-video	1
tweet-sno-254	0	vclaim-sno-babies-climate-change-aoc	1
tweet-sno-255	0	vclaim-sno-monica-lewinsky-trump-tweet	1
tweet-sno-256	0	vclaim-sno-dems-immigrants-vets-health	1
tweet-sno-257	0	vclaim-sno-dems-immigrants-vets-health	1
tweet-sno-258	0	vclaim-sno-news-media-fetuses-found-story	1
tweet-sno-259	0	vclaim-sno-elizabeth-warren-sex-reassignment	1
tweet-sno-260	0	vclaim-sno-failed-impeachment-nullify-term	1
tweet-sno-261	0	vclaim-sno-whistleblowers-firsthand-knowledge	1
tweet-sno-262	0	vclaim-sno-motorcyclist-jump-train-track	1
tweet-sno-263	0	vclaim-sno-democrats-puerto-rico-shutdown	1
tweet-sno-264	0	vclaim-sno-democrats-puerto-rico-shutdown	1
tweet-sno-265	0	vclaim-sno-governor-of-georgia-kkk	1
tweet-sno-266	0	vclaim-sno-m1-m25-speed-cameras	1
tweet-sno-267	0	vclaim-sno-trump-fema-order-california-wildfires	1
tweet-sno-268	0	vclaim-sno-ronald-reagan-border-wall-idea	1
tweet-sno-269	0	vclaim-sno-schumer-pelosi-150-billion	1
tweet-sno-270	0	vclaim-sno-chuck-schumer-excessive-contributions	1
tweet-sno-271	0	vclaim-sno-chuck-schumer-excessive-contributions	1
tweet-sno-272	0	vclaim-sno-gender-neutral-birth-certificates	1
tweet-sno-273	0	vclaim-sno-bre-paytons-death-strange	1
tweet-sno-274	0	vclaim-sno-politicians-walls-around-homes	1
tweet-sno-275	0	vclaim-sno-new-jersey-gun-confiscation	1
tweet-sno-276	0	vclaim-sno-18-migrant-children-died-obama	1
tweet-sno-277	0	vclaim-sno-mummified-dinosaur	1
tweet-sno-278	0	vclaim-sno-katrina-pierson-mccain-tweet	1
tweet-sno-279	0	vclaim-sno-whales-in-jails	1
tweet-sno-280	0	vclaim-sno-khrushchev-doses-of-socialism	1
tweet-sno-281	0	vclaim-sno-khrushchev-doses-of-socialism	1
tweet-sno-282	0	vclaim-sno-trump-entities-criminal-probe	1
tweet-sno-283	0	vclaim-sno-blackbird-civil-rights	1
tweet-sno-284	0	vclaim-sno-aldi-free-food-homeless-christmas	1
tweet-sno-285	0	vclaim-sno-jfk-plot-in-this-country-to-enslave	1
tweet-sno-286	0	vclaim-sno-baguette-knives-paris-protests	1
tweet-sno-287	0	vclaim-sno-mexico-marine-torture-border-tahmooressi	1
tweet-sno-288	0	vclaim-sno-trump-farm-water-e-coli	1
tweet-sno-289	0	vclaim-sno-retired-general-trump-threat-national-security	1
tweet-sno-290	0	vclaim-sno-netflix-friends	1
tweet-sno-291	0	vclaim-sno-netflix-friends	1
tweet-sno-292	0	vclaim-sno-immigrants-numbers-arms	1
tweet-sno-293	0	vclaim-sno-eminems-daughter-rapping-video	1
tweet-sno-294	0	vclaim-sno-george-h-w-bush-obituary	1
tweet-sno-295	0	vclaim-sno-dick-van-dyke-trump-dictator	1
tweet-sno-296	0	vclaim-sno-tomi-lahren-tear-gas	1
tweet-sno-297	0	vclaim-sno-christmas-cards-for-maddox-hyde	1
tweet-sno-298	0	vclaim-sno-mom-tear-gas-photo	1
tweet-sno-299	0	vclaim-sno-mom-tear-gas-photo	1
tweet-sno-300	0	vclaim-sno-is-allisyn-nicole-still-missing	1
tweet-sno-301	0	vclaim-sno-is-allisyn-nicole-still-missing	1
tweet-sno-302	0	vclaim-sno-daniel-best-suicide-foul-play	1
tweet-sno-303	0	vclaim-sno-trump-osama-attack	1
tweet-sno-304	0	vclaim-sno-obama-block-fox-news-reporters	1
tweet-sno-305	0	vclaim-sno-obama-block-fox-news-reporters	1
tweet-sno-306	0	vclaim-sno-obama-block-fox-news-reporters	1
tweet-sno-307	0	vclaim-sno-broward-county-blank-ballots	1
tweet-sno-308	0	vclaim-sno-high-school-prom-nazi-salute	1
tweet-sno-309	0	vclaim-sno-high-school-prom-nazi-salute	1
tweet-sno-310	0	vclaim-sno-broward-county-fraud-voters-votes	1
tweet-sno-311	0	vclaim-sno-trump-financial-interests-saudi-arabia	1
tweet-sno-312	0	vclaim-sno-trump-financial-interests-saudi-arabia	1
tweet-sno-313	0	vclaim-sno-mcconnell-voting-photobomb	1
tweet-sno-314	0	vclaim-sno-mcconnell-voting-photobomb	1
tweet-sno-315	0	vclaim-sno-msnbc-disabled-veteran-voting	1
tweet-sno-316	0	vclaim-sno-stickers-pipe-bomber-van-changed	1
tweet-sno-317	0	vclaim-sno-stickers-pipe-bomber-van-changed	1
tweet-sno-318	0	vclaim-sno-trump-christ-billboard-st-louis	1
tweet-sno-319	0	vclaim-sno-can-pardoned-felons-vote	1
tweet-sno-320	0	vclaim-sno-barron-trump-benefit-birthright-citizenship	1
tweet-sno-321	0	vclaim-sno-homeless-go-back-to-africa-sign	1
tweet-sno-322	0	vclaim-sno-stacey-abrams-burned-georgia-flag	1
tweet-sno-323	0	vclaim-sno-north-carolina-voter-id	1
tweet-sno-324	0	vclaim-sno-ted-cruz-net-worth	1
tweet-sno-325	0	vclaim-sno-soros-caravan-refugees	1
tweet-sno-326	0	vclaim-sno-american-spelling-canceled	1
tweet-sno-327	0	vclaim-sno-kardashian-west-split	1
tweet-sno-328	0	vclaim-sno-kardashian-west-split	1
tweet-sno-329	0	vclaim-sno-school-shootings-christianity-texas-japan	1
tweet-sno-330	0	vclaim-sno-north-dakota-native-american-voters	1
tweet-sno-331	0	vclaim-sno-trump-warren-million-offer-dna	1
tweet-sno-332	0	vclaim-sno-draketown-swastika-nazis	1
tweet-sno-333	0	vclaim-sno-craigslist-ad-linestanders-trump-rally	1
tweet-sno-334	0	vclaim-sno-virginia-prisons-tampons	1
tweet-sno-335	0	vclaim-sno-trump-impeachment-dow-jones	1
tweet-sno-336	0	vclaim-sno-trump-impeachment-dow-jones	1
tweet-sno-337	0	vclaim-sno-susan-collins-husband-russia	1
tweet-sno-338	0	vclaim-sno-sheriff-nike-shirt-mugshots	1
tweet-sno-339	0	vclaim-sno-brett-kavanaugh-raped-immigrant-abortion	1
tweet-sno-340	0	vclaim-sno-nancy-pelosi-wrap-up-smear	1
tweet-sno-341	0	vclaim-sno-presidential-alerts-control-phones	1
tweet-sno-342	0	vclaim-sno-brett-kavanaugh-gofundme-page	1
tweet-sno-343	0	vclaim-sno-trump-violence-against-women-act	1
tweet-sno-344	0	vclaim-sno-paid-protesters-kavanaugh-hearings	1
tweet-sno-345	0	vclaim-sno-christine-blasey-ford-cia	1
tweet-sno-346	0	vclaim-sno-christine-blasey-ford-peter-strzok	1
tweet-sno-347	0	vclaim-sno-christine-blasey-ford-peter-strzok	1
tweet-sno-348	0	vclaim-sno-christine-blasey-ford-peter-strzok	1
tweet-sno-349	0	vclaim-sno-kavanaugh-accuser-soros-ties	1
tweet-sno-350	0	vclaim-sno-paul-gosars-siblings	1
tweet-sno-351	0	vclaim-sno-franklin-graham-attempted-rape	1
tweet-sno-352	0	vclaim-sno-ann-coulter-men-no-choice	1
tweet-sno-353	0	vclaim-sno-elephant-carrying-lion-cub	1
tweet-sno-354	0	vclaim-sno-ted-cruz-summons-mailings	1
tweet-sno-355	0	vclaim-sno-ted-cruz-summons-mailings	1
tweet-sno-356	0	vclaim-sno-trump-searching-911-survivors	1
tweet-sno-357	0	vclaim-sno-danny-trejo-passing	1
tweet-sno-358	0	vclaim-sno-nike-afford-let-go	1
tweet-sno-359	0	vclaim-sno-trump-criticize-obama-woodward	1
tweet-sno-360	0	vclaim-sno-trump-criticize-obama-woodward	1
tweet-sno-361	0	vclaim-sno-kutcher-software-child-trafficking	1
tweet-sno-362	0	vclaim-sno-jimmy-carter-cancer-spreading	1
tweet-sno-363	0	vclaim-sno-jimmy-carter-cancer-spreading	1
tweet-sno-364	0	vclaim-sno-gatorade-bottles-cap-holder	1
tweet-sno-365	0	vclaim-sno-morgan-freeman-trump-bonafide-sack	1
tweet-sno-366	0	vclaim-sno-white-farmers-south-africa	1
tweet-sno-367	0	vclaim-sno-fox-news-festivus-michael-cohen	1
tweet-sno-368	0	vclaim-sno-chelsea-clinton-upside-down-satanic-cross	1
tweet-sno-369	0	vclaim-sno-chelsea-clinton-upside-down-satanic-cross	1
tweet-sno-370	0	vclaim-sno-chelsea-clinton-upside-down-satanic-cross	1
tweet-sno-371	0	vclaim-sno-george-stinney-execution-exoneration	1
tweet-sno-372	0	vclaim-sno-traffic-arrests-polk-county	1
tweet-sno-373	0	vclaim-sno-chelsea-clinton-abortion-good-for-economy	1
tweet-sno-374	0	vclaim-sno-aretha-franklin-donald-trump	1
tweet-sno-375	0	vclaim-sno-aretha-franklin-donald-trump	1
tweet-sno-376	0	vclaim-sno-trump-if-soldiers-were-real-patriots	1
tweet-sno-377	0	vclaim-sno-trump-if-soldiers-were-real-patriots	1
tweet-sno-378	0	vclaim-sno-my-little-pony-animator-arrested	1
tweet-sno-379	0	vclaim-sno-mark-kelly-space-force	1
tweet-sno-380	0	vclaim-sno-1950s-magazine-ad-colt-cobra	1
tweet-sno-381	0	vclaim-sno-pelosi-plastic-straw-guns	1
tweet-sno-382	0	vclaim-sno-trump-salary-military-cemeteries	1
tweet-sno-383	0	vclaim-sno-barack-obama-2005-immigration-quote	1
tweet-sno-384	0	vclaim-sno-5-million-bikers-video	1
tweet-sno-385	0	vclaim-sno-twosday-2022	1
tweet-sno-386	0	vclaim-sno-iowa-missing-children-summer	1
tweet-sno-387	0	vclaim-sno-walkaway-campaign-stock-photos	1
tweet-sno-388	0	vclaim-sno-elizabeth-holtzman-homeland-security-letter	1
tweet-sno-389	0	vclaim-sno-trump-pedophiles-death-penalty	1
tweet-sno-390	0	vclaim-sno-tag-acronym-touch-and-go	1
tweet-sno-391	0	vclaim-sno-veterans-food-stamps	1
tweet-sno-392	0	vclaim-sno-treason-impeachment-removal	1
tweet-sno-393	0	vclaim-sno-republicans-ban-gays-lesbians-adopting	1
tweet-sno-394	0	vclaim-sno-detained-children-pledge-of-allegiance	1
tweet-sno-395	0	vclaim-sno-iran-nuclear-deal-citizenship	1
tweet-sno-396	0	vclaim-sno-betsy-devos-america-tweet	1
tweet-sno-397	0	vclaim-sno-mark-twain-quote-fear-media	1
tweet-sno-398	0	vclaim-sno-huckabee-sanders-red-hen-protest	1
tweet-sno-399	0	vclaim-sno-melania-trump-wear-jacket-visiting-children-separated-families	1
tweet-sno-400	0	vclaim-sno-melania-trump-wear-jacket-visiting-children-separated-families	1
tweet-sno-401	0	vclaim-sno-obama-agree-trump-administration-immigration-policies	1
tweet-sno-402	0	vclaim-sno-was-cartoonist-fired-for-trump-drawing	1
tweet-sno-403	0	vclaim-sno-trump-tower-opens-pyongyang	1
tweet-sno-404	0	vclaim-sno-trump-tower-opens-pyongyang	1
tweet-sno-405	0	vclaim-sno-dominos-pizza-paving	1
tweet-sno-406	0	vclaim-sno-bill-maher-recession-get-rid-trump	1
tweet-sno-407	0	vclaim-sno-bill-maher-recession-get-rid-trump	1
tweet-sno-408	0	vclaim-sno-was-robert-deniro-child-trafficking-ring	1
tweet-sno-409	0	vclaim-sno-tommy-robinson-protest-photo	1
tweet-sno-410	0	vclaim-sno-child-asthma-die-parents-switched-essential-oils-treatment	1
tweet-sno-411	0	vclaim-sno-chelsea-clinton-pizzagate-tweet	1
tweet-sno-412	0	vclaim-sno-justin-trudeaus-eyebrow	1
tweet-sno-413	0	vclaim-sno-have-children-fined-lemonade-stands	1
tweet-sno-414	0	vclaim-sno-ronald-reagan-demagogues-trade-war	1
tweet-sno-415	0	vclaim-sno-paul-krugman-internets-effect-economy	1
tweet-sno-416	0	vclaim-sno-did-georgia-lawmaker-nazis-d-day	1
tweet-sno-417	0	vclaim-sno-ivanka-trumps-line-rebranded-adrienne-vittadini	1
tweet-sno-418	0	vclaim-sno-ivanka-trumps-line-rebranded-adrienne-vittadini	1
tweet-sno-419	0	vclaim-sno-trump-donate-salary-va	1
tweet-sno-420	0	vclaim-sno-martha-stewart-pardon-tweet	1
tweet-sno-421	0	vclaim-sno-did-michelle-obama-abc-fire-roseanne	1
tweet-sno-422	0	vclaim-sno-are-rosaries-taken-immigrants-border	1
tweet-sno-423	0	vclaim-sno-school-shootings-us-vs-world	1
tweet-sno-424	0	vclaim-sno-did-beagle-queen-to-royal-wedding	1
tweet-sno-425	0	vclaim-sno-trump-animals-hitler	1
tweet-sno-426	0	vclaim-sno-trump-weight-girther-leaked-documents	1
tweet-sno-427	0	vclaim-sno-klanbake-1924-democratic-convention	1
tweet-sno-428	0	vclaim-sno-military-spouses-white-house	1
tweet-sno-429	0	vclaim-sno-did-educator-say-ask-babies-permission	1
tweet-sno-430	0	vclaim-sno-may-day-protests-kiss	1
tweet-sno-431	0	vclaim-sno-general-eaton-iran-deal	1
tweet-sno-432	0	vclaim-sno-obama-administration-unable-arrange-release	1
tweet-sno-433	0	vclaim-sno-shoebill-stork-real-animal	1
tweet-sno-434	0	vclaim-sno-lynched-oklahoma-media	1
tweet-sno-435	0	vclaim-sno-lynched-oklahoma-media	1
tweet-sno-436	0	vclaim-sno-samuel-l-jackson-rappers-tweet	1
tweet-sno-437	0	vclaim-sno-university-of-texas-masculinity	1
tweet-sno-438	0	vclaim-sno-nra-events-guns	1
tweet-sno-439	0	vclaim-sno-israel-nuclear-bomb-syria	1
tweet-sno-440	0	vclaim-sno-hillary-clinton-smash-phone-hammer	1
tweet-sno-441	0	vclaim-sno-camels-crossing-the-sea	1
tweet-sno-442	0	vclaim-sno-yeti-nra-business-ties	1
tweet-sno-443	0	vclaim-sno-yeti-nra-business-ties	1
tweet-sno-444	0	vclaim-sno-mike-pences-brother-russian-military	1
tweet-sno-445	0	vclaim-sno-millionaire-horsepower-llamathrust	1
tweet-sno-446	0	vclaim-sno-did-clinton-say-syria-israel-leaked-e-mail	1
tweet-sno-447	0	vclaim-sno-donald-trump-tweet-warnings-obama-ordering-syrian-airstrikes	1
tweet-sno-448	0	vclaim-sno-donald-trump-tweet-warnings-obama-ordering-syrian-airstrikes	1
tweet-sno-449	0	vclaim-sno-philadelphia-starbucks-arrest	1
tweet-sno-450	0	vclaim-sno-russian-woman-embalmed-alive-formalin-drip	1
tweet-sno-451	0	vclaim-sno-did-trump-say-community-college-13th-grade	1
tweet-sno-452	0	vclaim-sno-amazon-bankrupting-united-states-postal-service	1
tweet-sno-453	0	vclaim-sno-amazon-bankrupting-united-states-postal-service	1
tweet-sno-454	0	vclaim-sno-facebook-suspend-account-whistleblower-exposed-cambridge-analytica	1
tweet-sno-455	0	vclaim-sno-corey-feldman-stabbing-incident	1
tweet-sno-456	0	vclaim-sno-corey-feldman-stabbing-incident	1
tweet-sno-457	0	vclaim-sno-did-russia-monument-native-americans-moscow	1
tweet-sno-458	0	vclaim-sno-planned-parenthood-disney-abortion	1
tweet-sno-459	0	vclaim-sno-soros-paid-march-for-our-lives-protesters	1
tweet-sno-460	0	vclaim-sno-emma-gonzalez-ripping-up-constitution	1
tweet-sno-461	0	vclaim-sno-trump-cecil-lion-wildlife-conservation-council	1
tweet-sno-462	0	vclaim-sno-president-barack-obama-congratulate-putin-2012-win	1
tweet-sno-463	0	vclaim-sno-rihanna-snapchat	1
tweet-sno-464	0	vclaim-sno-does-blue-buffalo-contain-toxic-levels-lead	1
tweet-sno-465	0	vclaim-sno-church-of-lucifer-colombia	1
tweet-sno-466	0	vclaim-sno-empty-shoes-memorial-washington-sandy-hook	1
tweet-sno-467	0	vclaim-sno-empty-shoes-memorial-washington-sandy-hook	1
tweet-sno-468	0	vclaim-sno-empty-shoes-memorial-washington-sandy-hook	1
tweet-sno-469	0	vclaim-sno-dss-fired-gun-permit	1
tweet-sno-470	0	vclaim-sno-does-juuling-cancer-young-people	1
tweet-sno-471	0	vclaim-sno-mcdonalds-restaurants-flipping-womens-day	1
tweet-sno-472	0	vclaim-sno-mcdonalds-restaurants-flipping-womens-day	1
tweet-sno-473	0	vclaim-sno-is-amazons-alexa-emitting-unprompted-creepy-laughing	1
tweet-sno-474	0	vclaim-sno-is-amazons-alexa-emitting-unprompted-creepy-laughing	1
tweet-sno-475	0	vclaim-sno-did-hundreds-ar15-blessing-ceremony	1
tweet-sno-476	0	vclaim-sno-does-delta-airlines-give-planned-parenthood-members-discounted-rates	1
tweet-sno-477	0	vclaim-sno-trump-stops-mugging-1991	1
tweet-sno-478	0	vclaim-sno-nra-california-open-carry-ban	1
tweet-sno-479	0	vclaim-sno-school-walkout-rumors-parkland-shooting	1
tweet-sno-480	0	vclaim-sno-nra-letter-wisconsin-judges	1
tweet-sno-481	0	vclaim-sno-trump-crib-notes-parkland	1
tweet-sno-482	0	vclaim-sno-alligators-white-house-pets	1
tweet-sno-483	0	vclaim-sno-drake-bell-sick-boy	1
tweet-sno-484	0	vclaim-sno-did-shooters-instagram-picture-maga-hat	1
tweet-sno-485	0	vclaim-sno-florida-high-school-shooter-dreamer	1
tweet-sno-486	0	vclaim-sno-florida-high-school-shooter-dreamer	1
tweet-sno-487	0	vclaim-sno-pope-francis-girl-sit-mass	1
tweet-sno-488	0	vclaim-sno-can-police-legally-rape-people-35-states	1
tweet-sno-489	0	vclaim-sno-can-police-legally-rape-people-35-states	1
tweet-sno-490	0	vclaim-sno-george-soros-destroy-united-states	1
tweet-sno-491	0	vclaim-sno-palestinians-dance-nikki-haley-un	1
tweet-sno-492	0	vclaim-sno-luis-gutierrez-state-of-the-union	1
tweet-sno-493	0	vclaim-sno-train-carrying-gop-congressmen-crash-due-deep-state-plot	1
tweet-sno-494	0	vclaim-sno-multicultural-beach-sign-melbourne	1
tweet-sno-495	0	vclaim-sno-multicultural-beach-sign-melbourne	1
tweet-sno-496	0	vclaim-sno-trump-display-names-campaign-donors-state-union	1
tweet-sno-497	0	vclaim-sno-misspelled-tickets-trump-state-uniom	1
tweet-sno-498	0	vclaim-sno-no-lackin-challenge	1
tweet-sno-499	0	vclaim-sno-no-lackin-challenge	1
tweet-sno-500	0	vclaim-sno-pluto-officially-reclassified-planet	1
tweet-sno-501	0	vclaim-sno-fox-news-banned-australia-new-zealand	1
tweet-sno-502	0	vclaim-sno-fox-news-banned-australia-new-zealand	1
tweet-sno-503	0	vclaim-sno-jamie-oliver-mcdonalds-burgers	1
tweet-sno-504	0	vclaim-sno-diane-abbott-shoes	1
tweet-sno-505	0	vclaim-sno-joe-biden-hairy-legs-remark	1
tweet-sno-506	0	vclaim-sno-stefanik-middle-finger-impeachment	1
tweet-sno-507	0	vclaim-sno-5-people-atop-skyscraper-spire	1
tweet-sno-508	0	vclaim-sno-area-51-raid-images	1
tweet-sno-509	0	vclaim-sno-ilhan-omar-filmed-dancing-9-11	1
tweet-sno-510	0	vclaim-sno-trump-tweet-echo-mein-kampf	1
tweet-sno-511	0	vclaim-sno-native-burial-sites-border-wall	1
tweet-sno-512	0	vclaim-sno-broom-standing-gravitational-pull	1
tweet-sno-513	0	vclaim-sno-white-house-trump_photo-delete	1
tweet-sno-514	0	vclaim-sno-rush-limbaugh-michael-j-fox	1
tweet-sno-515	0	vclaim-sno-nigeria-pastor-beheaded	1
tweet-sno-516	0	vclaim-sno-hurricane-dorian-near-florida	1
tweet-sno-517	0	vclaim-sno-kelloggs-corn-flakes-masturbation	1
tweet-sno-518	0	vclaim-sno-epstein-clinton-dress-painting	1
tweet-sno-519	0	vclaim-sno-ice-el-paso-citizenship-papers	1
tweet-sno-520	0	vclaim-sno-ice-el-paso-citizenship-papers	1
tweet-sno-521	0	vclaim-sno-sheriff-message-el-paso-killings	1
tweet-sno-522	0	vclaim-sno-2020-summer-olympics-logo	1
tweet-sno-523	0	vclaim-sno-parasites-rights-abortion-sign	1
tweet-sno-524	0	vclaim-sno-sonic-new-redesign	1
tweet-sno-525	0	vclaim-sno-pastor-david-platt-donald-trump	1
tweet-sno-526	0	vclaim-sno-chase-bank-deleted-tweet	1
tweet-sno-527	0	vclaim-sno-chicken-nuggets-feather-cells	1
tweet-sno-528	0	vclaim-sno-trevor-lawrence-white-house-meal	1
tweet-sno-529	0	vclaim-sno-man-jumped-in-bird-box-stunt	1
tweet-sno-530	0	vclaim-sno-eric-swalwell-gun-owners-nukes	1
tweet-sno-531	0	vclaim-sno-eric-swalwell-gun-owners-nukes	1
tweet-sno-532	0	vclaim-sno-french-arlington-cemetery	1
tweet-sno-533	0	vclaim-sno-border-patrol-officer-death	1
tweet-sno-534	0	vclaim-sno-synagogue-shooting-victim-rose-mallinger	1
tweet-sno-535	0	vclaim-sno-usps-secret-service-false-flag	1
tweet-sno-536	0	vclaim-sno-asking-for-provisional-ballots	1
tweet-sno-537	0	vclaim-sno-left-wing-mob-violence	1
tweet-sno-538	0	vclaim-sno-florida-airport-flooded-michael	1
tweet-sno-539	0	vclaim-sno-donald-trumps-mother-photo	1
tweet-sno-540	0	vclaim-sno-julie-swetnick-restraining-order	1
tweet-sno-541	0	vclaim-sno-i40-north-carolina-underwater	1
tweet-sno-542	0	vclaim-sno-ford-kaepernick-ad-campaign	1
tweet-sno-543	0	vclaim-sno-brett-kavanaughs-children-harassed	1
tweet-sno-544	0	vclaim-sno-john-mccain-last-words-trump	1
tweet-sno-545	0	vclaim-sno-peter-strzok-tweet-trump-dictator-unhinged-madman	1
tweet-sno-546	0	vclaim-sno-little-leaguer-porn-star	1
tweet-sno-547	0	vclaim-sno-little-leaguer-porn-star	1
tweet-sno-548	0	vclaim-sno-supreme-court-rule-1943-patriotic-rituals	1
tweet-sno-549	0	vclaim-sno-six-antifa-beatup-video	1
tweet-sno-550	0	vclaim-sno-six-antifa-beatup-video	1
tweet-sno-551	0	vclaim-sno-bikers-for-trump-tattoos	1
tweet-sno-552	0	vclaim-sno-trump-and-obama-by-the-numbers	1
tweet-sno-553	0	vclaim-sno-russian-than-democrat-shirts	1
tweet-sno-554	0	vclaim-sno-bobby-wilson-shooting	1
tweet-sno-555	0	vclaim-sno-law-bans-antifa	1
tweet-sno-556	0	vclaim-sno-german-news-trump-nato	1
tweet-sno-557	0	vclaim-sno-police-13-year-old-girl-beheaded-seeing-grandmother-die	1
tweet-sno-558	0	vclaim-sno-george-lopez-trump-hollywood	1
tweet-sno-559	0	vclaim-sno-hallway-stop-running	1
tweet-sno-560	0	vclaim-sno-was-biden-refused-service-in-2012	1
tweet-sno-561	0	vclaim-sno-did-ceo-harley-davidson-trump-moron	1
tweet-sno-562	0	vclaim-sno-did-controversial-jacket-pro-fascism-message	1
tweet-sno-563	0	vclaim-sno-immigrant-girl-never-separated	1
tweet-sno-564	0	vclaim-sno-peter-fonda-barron-trump	1
tweet-sno-565	0	vclaim-sno-methodists-jeff-sessions-child-abuse-immigration	1
tweet-sno-566	0	vclaim-sno-does-law-family-separation-detention-minors	1
tweet-sno-567	0	vclaim-sno-does-law-family-separation-detention-minors	1
tweet-sno-568	0	vclaim-sno-incredibles-2-epilepsy-warning	1
tweet-sno-569	0	vclaim-sno-incredibles-2-epilepsy-warning	1
tweet-sno-570	0	vclaim-sno-incredibles-2-epilepsy-warning	1
tweet-sno-571	0	vclaim-sno-incredibles-2-epilepsy-warning	1
tweet-sno-572	0	vclaim-sno-was-law-separate-families-passed-1997	1
tweet-sno-573	0	vclaim-sno-trump-salute-north-korean-general	1
tweet-sno-574	0	vclaim-sno-trump-salute-north-korean-general	1
tweet-sno-575	0	vclaim-sno-toddler-cage-photo	1
tweet-sno-576	0	vclaim-sno-real-photograph-g7-leaders	1
tweet-sno-577	0	vclaim-sno-did-lahren-compare-hair-beyonces	1
tweet-sno-578	0	vclaim-sno-is-jet-li-in-frail-health	1
tweet-sno-579	0	vclaim-sno-jeff-rothschild-third-world-war	1
tweet-sno-580	0	vclaim-sno-pope-francis-gun-owners	1
tweet-sno-581	0	vclaim-sno-second-broward-county-death	1
tweet-sno-582	0	vclaim-sno-jane-goodall-trump-primate-behavior	1
tweet-sno-583	0	vclaim-sno-town-crier-announces-royal-birth	1
tweet-sno-584	0	vclaim-sno-joy-behar-trump-tower-fire	1
tweet-sno-585	0	vclaim-sno-dhs-compile-database-journalists-bloggers	1
tweet-sno-586	0	vclaim-sno-david-hogg-clear-backpack-rights	1
tweet-sno-587	0	vclaim-sno-david-hogg-attend-california-high-school	1
tweet-sno-588	0	vclaim-sno-officials-warn-poison-bottled-water	1
tweet-sno-589	0	vclaim-sno-trump-presidential-seal	1
tweet-sno-590	0	vclaim-sno-did-first-responder-stand-down-parkland	1
tweet-sno-591	0	vclaim-sno-wayne-lapierre-no-guns-in-schools	1
tweet-sno-592	0	vclaim-sno-kehinde-wiley-painted-black-woman-severed-head	1
tweet-sno-593	0	vclaim-sno-kehinde-wiley-painted-black-woman-severed-head	1
tweet-sno-594	0	vclaim-sno-elephant-mountain-real-place	1
tweet-sno-595	0	vclaim-sno-stores-locking-tide-pods-people-wont-eat	1
tweet-sno-596	0	vclaim-sno-will-eating-alligator-save-wetlands	1
tweet-sno-597	0	vclaim-sno-white-house-comment-line-trump	1
tweet-sno-598	0	vclaim-sno-trump-criticize-obama-shutdown	1
tweet-sno-599	0	vclaim-sno-trump-criticize-obama-shutdown	1
tweet-sno-600	0	vclaim-sno-did-sen-tom-cotton-issue-a-cease-and-desist-to-a-constituent	1
tweet-sno-601	0	vclaim-sno-clinton-foundation-paid-for-chelseas-wedding	1
tweet-sno-602	0	vclaim-sno-clinton-foundation-paid-for-chelseas-wedding	1
tweet-sno-603	0	vclaim-sno-clinton-foundation-paid-for-chelseas-wedding	1
tweet-sno-604	0	vclaim-sno-san-diego-rainmaker	1
tweet-sno-605	0	vclaim-sno-botswana-condemns-trump-remarks	1
tweet-sno-606	0	vclaim-sno-tide-pod-challenge	1
tweet-sno-607	0	vclaim-sno-trump-words-national-anthem	1
tweet-sno-608	0	vclaim-sno-trump-words-national-anthem	1
tweet-sno-609	0	vclaim-sno-trump-words-national-anthem	1
tweet-sno-610	0	vclaim-sno-oprah-winfrey-old-white-people-have-to-die	1
tweet-sno-611	0	vclaim-sno-chelsea-clinton-church-satan	1
tweet-sno-612	0	vclaim-sno-chelsea-clinton-church-satan	1
tweet-sno-613	0	vclaim-sno-intern-white-power-hand-gesture	1
tweet-sno-614	0	vclaim-sno-intern-white-power-hand-gesture	1
tweet-sno-615	0	vclaim-sno-somewhere-over-rainbow-holocaust	1
tweet-sno-616	0	vclaim-sno-somewhere-over-rainbow-holocaust	1
tweet-sno-617	0	vclaim-sno-wikileaks-releases-deep-state-files-deepstatefiles	1
tweet-sno-618	0	vclaim-sno-wikileaks-releases-deep-state-files-deepstatefiles	1
tweet-sno-619	0	vclaim-sno-police-officers-firefighters-too-much-money	1
tweet-sno-620	0	vclaim-sno-did-odonnell-offer-bribes-to-senators	1
tweet-sno-621	0	vclaim-sno-president-host-nra-anniversary-sandy-hook	1
tweet-sno-622	0	vclaim-sno-schumer-daughter-cheerleader	1
tweet-sno-623	0	vclaim-sno-twitter-germany-nazis	1
tweet-sno-624	0	vclaim-sno-portugal-net-neutrality	1
tweet-sno-625	0	vclaim-sno-were-hate-charges-blm-kidnappers-dropped	1
tweet-sno-626	0	vclaim-sno-shane-patrick-boyle-died-after-starting-a-gofundme-campaign-for-insulin	1
tweet-sno-627	0	vclaim-sno-elephant-trophy-import-ban-lifted	1
tweet-sno-628	0	vclaim-sno-woman-attacked-on-camera-for-wearing-a-trump-hat-in-hollywood	1
tweet-sno-629	0	vclaim-sno-deported-veterans-photo	1
tweet-sno-630	0	vclaim-sno-did-washington-post-offer-accuse-roy-moore	1
tweet-sno-631	0	vclaim-sno-saudi-arabia-beheads-robot	1
tweet-sno-632	0	vclaim-sno-did-trump-impatiently-dump-fish-food-in-japanese-koi-pond	1
tweet-sno-633	0	vclaim-sno-texas-samir-al-hajeed-sam-hyde	1
tweet-sno-634	0	vclaim-sno-texas-samir-al-hajeed-sam-hyde	1
tweet-sno-635	0	vclaim-sno-papa-johns-nfl-advertising	1
tweet-sno-636	0	vclaim-sno-fox-news-manafort-blackout-cheeseburger-emoji	1
tweet-sno-637	0	vclaim-sno-fox-news-manafort-blackout-cheeseburger-emoji	1
tweet-sno-638	0	vclaim-sno-fox-news-manafort-blackout-cheeseburger-emoji	1
tweet-sno-639	0	vclaim-sno-fox-news-manafort-blackout-cheeseburger-emoji	1
tweet-sno-640	0	vclaim-sno-fox-news-manafort-blackout-cheeseburger-emoji	1
tweet-sno-641	0	vclaim-sno-did-british-pub-chain-ban-remembrance-poppies	1
tweet-sno-642	0	vclaim-sno-was-niger-attack-worse-than-benghazi	1
tweet-sno-643	0	vclaim-sno-trump-uk-terrorism	1
tweet-sno-644	0	vclaim-sno-melania-trump-body-double	1
tweet-sno-645	0	vclaim-sno-melania-trump-body-double	1
tweet-sno-646	0	vclaim-sno-kaepernick-anthem-stand-if-signed	1
tweet-sno-647	0	vclaim-sno-kaepernick-anthem-stand-if-signed	1
tweet-sno-648	0	vclaim-sno-detroit-firefighter-watermelon-fired	1
tweet-sno-649	0	vclaim-sno-detroit-firefighter-watermelon-fired	1
tweet-sno-650	0	vclaim-sno-did-melbourne-antifa-claim-responsibility-for-the-vegas-massacre	1
tweet-sno-651	0	vclaim-sno-trump-puerto-rico-golf-course	1
tweet-sno-652	0	vclaim-sno-directv-nfl-refunds	1
tweet-sno-653	0	vclaim-sno-directv-nfl-refunds	1
tweet-sno-654	0	vclaim-sno-directv-nfl-refunds	1
tweet-sno-655	0	vclaim-sno-directv-nfl-refunds	1
tweet-sno-656	0	vclaim-sno-directv-nfl-refunds	1
tweet-sno-657	0	vclaim-sno-directv-nfl-refunds	1
tweet-sno-658	0	vclaim-sno-directv-nfl-refunds	1
tweet-sno-659	0	vclaim-sno-trump-obama-nfl-tweet	1
tweet-sno-660	0	vclaim-sno-dem-party-logo-white-supremacy	1
tweet-sno-661	0	vclaim-sno-healthcare-gov-maintenance	1
tweet-sno-662	0	vclaim-sno-trumps-flip-flop-on-flag-burning	1
tweet-sno-663	0	vclaim-sno-trump-wall-comic-strip	1
tweet-sno-664	0	vclaim-sno-hobby-lobby-cotton	1
tweet-sno-665	0	vclaim-sno-hobby-lobby-cotton	1
tweet-sno-666	0	vclaim-sno-neko-cases-barn-damaged-by-fire	1
tweet-sno-667	0	vclaim-sno-police-sweden-no-longer-investigating-since-migrants	1
tweet-sno-668	0	vclaim-sno-planned-parenthood-satanists	1
tweet-sno-669	0	vclaim-sno-red-cross-hurricane-meal	1
tweet-sno-670	0	vclaim-sno-my-first-vape-toy	1
tweet-sno-671	0	vclaim-sno-zello-work-without-internet	1
tweet-sno-672	0	vclaim-sno-red-cross-hamburgers	1
tweet-sno-673	0	vclaim-sno-joel-osteen-flood-tithing	1
tweet-sno-674	0	vclaim-sno-floating-islands-of-fire-ants	1
tweet-sno-675	0	vclaim-sno-james-earl-jones-star-wars-london-segregation	1
tweet-sno-676	0	vclaim-sno-james-earl-jones-star-wars-london-segregation	1
tweet-sno-677	0	vclaim-sno-harvey-texas-insurance	1
tweet-sno-678	0	vclaim-sno-mexico-troops-hurricane-katrina	1
tweet-sno-679	0	vclaim-sno-mexico-troops-hurricane-katrina	1
tweet-sno-680	0	vclaim-sno-bill-clinton-expelled-from-oxford	1
tweet-sno-681	0	vclaim-sno-robert-e-lee-confederate-monuments	1
tweet-sno-682	0	vclaim-sno-robert-e-lee-confederate-monuments	1
tweet-sno-683	0	vclaim-sno-were-police-told-stand-down-charlottesville	1
tweet-sno-684	0	vclaim-sno-white-supremacist-democrat	1
tweet-sno-685	0	vclaim-sno-attorney-general-of-alabama-told-the-klan	1
tweet-sno-686	0	vclaim-sno-trump-retweet-cartoon-train-hitting-cnn-reporter	1
tweet-sno-687	0	vclaim-sno-dont-be-a-sucker-film	1
tweet-sno-688	0	vclaim-sno-anonymous-daily-stormer	1
tweet-sno-689	0	vclaim-sno-walmart-sign-over-gun-display	1
tweet-sno-690	0	vclaim-sno-starbucks-dreamer-day	1
tweet-sno-691	0	vclaim-sno-starbucks-dreamer-day	1
tweet-sno-692	0	vclaim-sno-bob-barker-dead	1
tweet-sno-693	0	vclaim-sno-bob-barker-dead	1
tweet-sno-694	0	vclaim-sno-snapchat-facial-recognition	1
tweet-sno-695	0	vclaim-sno-snapchat-facial-recognition	1
tweet-sno-696	0	vclaim-sno-scaramucci-explicit-tweet-2009	1
tweet-sno-697	0	vclaim-sno-miranda-cosgrove-arrested-prostitution	1
tweet-sno-698	0	vclaim-sno-chelsea-clinton-female-genital-mutilation	1
tweet-sno-699	0	vclaim-sno-chelsea-clinton-female-genital-mutilation	1
tweet-sno-700	0	vclaim-sno-chelsea-clinton-female-genital-mutilation	1
tweet-sno-701	0	vclaim-sno-chelsea-clinton-female-genital-mutilation	1
tweet-sno-702	0	vclaim-sno-george-soros-ss-nazi-germany	1
tweet-sno-703	0	vclaim-sno-george-soros-ss-nazi-germany	1
tweet-sno-704	0	vclaim-sno-george-soros-ss-nazi-germany	1
tweet-sno-705	0	vclaim-sno-george-soros-ss-nazi-germany	1
tweet-sno-706	0	vclaim-sno-george-soros-ss-nazi-germany	1
tweet-sno-707	0	vclaim-sno-george-soros-ss-nazi-germany	1
tweet-sno-708	0	vclaim-sno-george-soros-ss-nazi-germany	1
tweet-sno-709	0	vclaim-sno-george-soros-ss-nazi-germany	1
tweet-sno-710	0	vclaim-sno-george-soros-ss-nazi-germany	1
tweet-sno-711	0	vclaim-sno-don-moen-death-hoax	1
tweet-sno-712	0	vclaim-sno-electric-car-1905	1
tweet-sno-713	0	vclaim-sno-hillary-clinton-robert-mueller-uranium	1
tweet-sno-714	0	vclaim-sno-mike-pence-say-only-guilty-people-hire-criminal-defense-attorneys	1
tweet-sno-715	0	vclaim-sno-rand-paul-tweet-second-amendment-purpose-shoot-tyrannical-government	1
tweet-sno-716	0	vclaim-sno-sun-full-moon	1
tweet-sno-717	0	vclaim-sno-warriors-white-house-visit	1
tweet-sno-718	0	vclaim-sno-warriors-white-house-visit	1
tweet-sno-719	0	vclaim-sno-tornadoes-in-cape-town	1
tweet-sno-720	0	vclaim-sno-tornadoes-in-cape-town	1
tweet-sno-721	0	vclaim-sno-tornadoes-in-cape-town	1
tweet-sno-722	0	vclaim-sno-tornadoes-in-cape-town	1
tweet-sno-723	0	vclaim-sno-ted-cruz-southern-states-nuclear-weapons-protect-beliefs	1
tweet-sno-724	0	vclaim-sno-obama-burial-plot	1
tweet-sno-725	0	vclaim-sno-maxine-waters-london-attack-climate-healthcare	1
tweet-sno-726	0	vclaim-sno-london-donald-trump-sadiq-khan-london-mayor	1
tweet-sno-727	0	vclaim-sno-london-donald-trump-sadiq-khan-london-mayor	1
tweet-sno-728	0	vclaim-sno-covfefe-arabic-antediluvian	1
tweet-sno-729	0	vclaim-sno-trump-subscription-box	1
tweet-sno-730	0	vclaim-sno-donald-trump-global-warming-hoax	1
tweet-sno-731	0	vclaim-sno-donald-trump-global-warming-hoax	1
tweet-sno-732	0	vclaim-sno-donald-trump-global-warming-hoax	1
tweet-sno-733	0	vclaim-sno-donald-trump-global-warming-hoax	1
tweet-sno-734	0	vclaim-sno-donald-trump-global-warming-hoax	1
tweet-sno-735	0	vclaim-sno-darrell-issa-avoid-protesters	1
tweet-sno-736	0	vclaim-sno-darrell-issa-avoid-protesters	1
tweet-sno-737	0	vclaim-sno-darrell-issa-avoid-protesters	1
tweet-sno-738	0	vclaim-sno-president-trump-gives-finger	1
tweet-sno-739	0	vclaim-sno-photo-hillary-clinton-manchester-bombers-father-abedi	1
tweet-sno-740	0	vclaim-sno-obama-trump-holocaust-memorial	1
tweet-sno-741	0	vclaim-sno-pope-francis-trump-obama-smile	1
tweet-sno-742	0	vclaim-sno-ariana-grande-pay-manchester-bombing-funerals	1
tweet-sno-743	0	vclaim-sno-baby-giraffe-dies-one-month	1
tweet-sno-744	0	vclaim-sno-marilyn-monroe-iq	1
tweet-sno-745	0	vclaim-sno-seth-rich-parents-thank-internet-wikileaks	1
tweet-sno-746	0	vclaim-sno-nixon-predicted-trump-success	1
tweet-sno-747	0	vclaim-sno-nixon-predicted-trump-success	1
tweet-sno-748	0	vclaim-sno-sealed-indictment-president-trump	1
tweet-sno-749	0	vclaim-sno-clinton-fbi-director-vince-foster	1
tweet-sno-750	0	vclaim-sno-clinton-fbi-director-vince-foster	1
tweet-sno-751	0	vclaim-sno-aclu-travel-warning-texas	1
tweet-sno-752	0	vclaim-sno-cbo-ahca-score	1
tweet-sno-753	0	vclaim-sno-cbo-ahca-score	1
tweet-sno-754	0	vclaim-sno-trump-disgrace-world-girl	1
tweet-sno-755	0	vclaim-sno-bill-nye-extra-kids	1
tweet-sno-756	0	vclaim-sno-pregnant-woman-muslim-refugee	1
tweet-sno-757	0	vclaim-sno-pregnant-woman-muslim-refugee	1
tweet-sno-758	0	vclaim-sno-e-cigarettes-cancer-formaldehyde	1
tweet-sno-759	0	vclaim-sno-e-cigarettes-cancer-formaldehyde	1
tweet-sno-760	0	vclaim-sno-melania-trump-relationship-tweet	1
tweet-sno-761	0	vclaim-sno-donald-trump-civil-war-monument	1
tweet-sno-762	0	vclaim-sno-fyre-festival-bahamas-chaos	1
tweet-sno-763	0	vclaim-sno-fyre-festival-bahamas-chaos	1
tweet-sno-764	0	vclaim-sno-fyre-festival-bahamas-chaos	1
tweet-sno-765	0	vclaim-sno-fyre-festival-bahamas-chaos	1
tweet-sno-766	0	vclaim-sno-jeff-goldblum-food-truck	1
tweet-sno-767	0	vclaim-sno-jeff-goldblum-food-truck	1
tweet-sno-768	0	vclaim-sno-kristyna-martelli	1
tweet-sno-769	0	vclaim-sno-russia-kompromat-jason-chaffetz	1
tweet-sno-770	0	vclaim-sno-women-ancient-rome-turpentine-urine	1
tweet-sno-771	0	vclaim-sno-wjw-dark-white-steve-stephens	1
tweet-sno-772	0	vclaim-sno-explosion-moab-afghanistan	1
tweet-sno-773	0	vclaim-sno-a-truckin-miracle	1
tweet-sno-774	0	vclaim-sno-schumer-candidates-christian-beliefs	1
tweet-sno-775	0	vclaim-sno-spicer-weapons-germans	1
tweet-sno-776	0	vclaim-sno-blm-ferguson-russia	1
tweet-sno-777	0	vclaim-sno-merging-oceans	1
tweet-sno-778	0	vclaim-sno-republicans-1928-control	1
tweet-sno-779	0	vclaim-sno-devin-nunes-wine-russia	1
tweet-sno-780	0	vclaim-sno-democrats-socialist-party-poster	1
tweet-sno-781	0	vclaim-sno-snoop-dogg-arrested-conspiracy	1
tweet-sno-782	0	vclaim-sno-study-find-mens-beards-filled-poop	1
tweet-sno-783	0	vclaim-sno-iowa-students-apologize	1
tweet-sno-784	0	vclaim-sno-iowa-students-apologize	1
tweet-sno-785	0	vclaim-sno-william-h-macy-death-hoax	1
tweet-sno-786	0	vclaim-sno-knights-templar-caves-shropshire	1
tweet-sno-787	0	vclaim-sno-knights-templar-caves-shropshire	1
tweet-sno-788	0	vclaim-sno-free-cone-day-dq	1
tweet-sno-789	0	vclaim-sno-free-cone-day-dq	1
tweet-sno-790	0	vclaim-sno-is-the-gops-obamacare-replacement-titled-worlds-greatest-healthcare-plan-of-2017	1
tweet-sno-791	0	vclaim-sno-obama-prisoner-release	1
tweet-sno-792	0	vclaim-sno-obama-prisoner-release	1
tweet-sno-793	0	vclaim-sno-lot-reserved-for-future-internment-camp	1
tweet-sno-794	0	vclaim-sno-amy-schumer-arrested	1
tweet-sno-795	0	vclaim-sno-media-silence-national-debt-trump	1
tweet-sno-796	0	vclaim-sno-americas-pediatricians-gender-kids	1
tweet-sno-797	0	vclaim-sno-mccain-campaign-contributions-russian-government	1
tweet-sno-798	0	vclaim-sno-audio-jake-tapper-racist-rant	1
tweet-sno-799	0	vclaim-sno-bill-murray-ice-cream-taxes	1
tweet-sno-800	0	vclaim-sno-reginald-veljohnson-death-hoax	1
tweet-sno-801	0	vclaim-sno-reginald-veljohnson-death-hoax	1
tweet-sno-802	0	vclaim-sno-reginald-veljohnson-death-hoax	1
tweet-sno-803	0	vclaim-sno-schools-banning-valentines-offends-muslims	1
tweet-sno-804	0	vclaim-sno-definition-of-trumpery	1
tweet-sno-805	0	vclaim-sno-trump-ban-full-face-veils	1
tweet-sno-806	0	vclaim-sno-trump-ban-full-face-veils	1
tweet-sno-807	0	vclaim-sno-burger-king-adult-meal	1
tweet-sno-808	0	vclaim-sno-burger-king-adult-meal	1
tweet-sno-809	0	vclaim-sno-trump-putin-switzerland	1
tweet-sno-810	0	vclaim-sno-poland-march-refugees	1
tweet-sno-811	0	vclaim-sno-ninth-circuit-court-most-overturned	1
tweet-sno-812	0	vclaim-sno-betsy-devos-demand-classroom-globes-flattened	1
tweet-sno-813	0	vclaim-sno-trump-eo-vaccine-ban	1
tweet-sno-814	0	vclaim-sno-fire-the-fool-rally	1
tweet-sno-815	0	vclaim-sno-fire-the-fool-rally	1
tweet-sno-816	0	vclaim-sno-trump-call-putin-disabled	1
tweet-sno-817	0	vclaim-sno-syrian-girl-handcuffed-airport	1
tweet-sno-818	0	vclaim-sno-syrian-girl-handcuffed-airport	1
tweet-sno-819	0	vclaim-sno-muslims-chanting-on-video	1
tweet-sno-820	0	vclaim-sno-muslims-chanting-on-video	1
tweet-sno-821	0	vclaim-sno-muslims-chanting-on-video	1
tweet-sno-822	0	vclaim-sno-muslims-chanting-on-video	1
tweet-sno-823	0	vclaim-sno-steve-bannon-need-senate-confirmation-hearing-sit-nsc	1
tweet-sno-824	0	vclaim-sno-trump-misleading-russian-blackmail	1
tweet-sno-825	0	vclaim-sno-sean-spicer-onion-retweet	1
tweet-sno-826	0	vclaim-sno-mike-pence-muslim-ban-offensive	1
tweet-sno-827	0	vclaim-sno-snl-writer-suspended-tweet-barron	1
tweet-sno-828	0	vclaim-sno-text-count-me-to-89800	1
tweet-sno-829	0	vclaim-sno-text-count-me-to-89800	1
tweet-sno-830	0	vclaim-sno-text-count-me-to-89800	1
tweet-sno-831	0	vclaim-sno-mlk-bust-oval-office	1
tweet-sno-832	0	vclaim-sno-mlk-bust-oval-office	1
tweet-sno-833	0	vclaim-sno-mlk-bust-oval-office	1
tweet-sno-834	0	vclaim-sno-trump-military-inaugural-parade	1
tweet-sno-835	0	vclaim-sno-donald-trump-purge-slogan	1
tweet-sno-836	0	vclaim-sno-twitter-images-inauguration	1
tweet-sno-837	0	vclaim-sno-trump-staged-speechwriting-picture	1
tweet-sno-838	0	vclaim-sno-lewis-skip-inauguration	1
tweet-sno-839	0	vclaim-sno-trump-busted-using-empty-folders	1
tweet-sno-840	0	vclaim-sno-hackers-peace-sign-fingerprints	1
tweet-sno-841	0	vclaim-sno-groomsmen-supporting-a-paralyzed-man-at-his-wedding	1
tweet-sno-842	0	vclaim-sno-meryl-streep-mock-disabled	1
tweet-sno-843	0	vclaim-sno-identifying-as-clovergender	1
tweet-sno-844	0	vclaim-sno-ronda-rousey-death-hoax	1
tweet-sno-845	0	vclaim-sno-hollywood-sign-altered-hollyweed	1
tweet-sno-846	0	vclaim-sno-hollywood-sign-altered-hollyweed	1
tweet-sno-847	0	vclaim-sno-hollywood-sign-altered-hollyweed	1
tweet-sno-848	0	vclaim-sno-origins-princess-leias-hairstyle	1
tweet-sno-849	0	vclaim-sno-meryl-streep-morgan-freeman-futures-parents	1
tweet-sno-850	0	vclaim-sno-more-votes-than-voters-in-detroit	1
tweet-sno-851	0	vclaim-sno-siri-charge-phone-police	1
tweet-sno-852	0	vclaim-sno-carl-paladino-obama-comments	1
tweet-sno-853	0	vclaim-sno-drunk-man-has-sex-with-snowman	1
tweet-sno-854	0	vclaim-sno-kuwait-moves-event-four-seasons-trump-hotel	1
tweet-sno-855	0	vclaim-sno-tom-arnold-reports-racist-recordings-donald-trump	1
tweet-sno-856	0	vclaim-sno-did-delta-eject-passenger-adam-saleh-for-speaking-arabic	1
tweet-sno-857	0	vclaim-sno-russian-flag-texas-capitol	1
tweet-sno-858	0	vclaim-sno-trump-sends-unpresidented-tweet	1
tweet-sno-859	0	vclaim-sno-donald-trump-appoints-kanye-west-to-cabinet-position	1
tweet-sno-860	0	vclaim-sno-buzz-aldrin-tweeted-we-are-all-in-danger-it-is-evil-itself	1
tweet-sno-861	0	vclaim-sno-buzz-aldrin-tweeted-we-are-all-in-danger-it-is-evil-itself	1
tweet-sno-862	0	vclaim-sno-raising-cane	1
tweet-sno-863	0	vclaim-sno-tony-and-john-podesta-match-madeleine-mccann-police-sketches	1
tweet-sno-864	0	vclaim-sno-did-macys-pull-support-from-planned-parenthood	1
tweet-sno-865	0	vclaim-sno-trump-social-security	1
tweet-sno-866	0	vclaim-sno-liberals-demand-offensive-wwi-memorial-torn	1
tweet-sno-867	0	vclaim-sno-donald-trump-remain-apprentice-inauguration	1
tweet-sno-868	0	vclaim-sno-nordstrom-selling-rock-leather-pouch-85	1
tweet-sno-869	0	vclaim-sno-target-blocks-israel-e-commerce-access	1
tweet-sno-870	0	vclaim-sno-target-blocks-israel-e-commerce-access	1
tweet-sno-871	0	vclaim-sno-target-blocks-israel-e-commerce-access	1
tweet-sno-872	0	vclaim-sno-morton-county-sheriff-kyle-kirchmeiers-twitter-account	1
tweet-sno-873	0	vclaim-sno-morton-county-sheriff-kyle-kirchmeiers-twitter-account	1
tweet-sno-874	0	vclaim-sno-white-house-press-secretary-say-wwii-vets-upset-japan-visit-get	1
tweet-sno-875	0	vclaim-sno-united-airlines-begin-charging-use-overhead-storage	1
tweet-sno-876	0	vclaim-sno-united-airlines-begin-charging-use-overhead-storage	1
tweet-sno-877	0	vclaim-sno-donald-trump-carrier-stock	1
tweet-sno-878	0	vclaim-sno-carrier-jobs-to-mexico-despite-trump-deal	1
tweet-sno-879	0	vclaim-sno-carrier-jobs-to-mexico-despite-trump-deal	1
tweet-sno-880	0	vclaim-sno-trump-staffer-convicted-of-felony-election-fraud	1
tweet-sno-881	0	vclaim-sno-tim-kaine-blamed-guns-for-knife-attack	1
tweet-sno-882	0	vclaim-sno-hillary-clinton-sponsored-a-bill-to-punish-flag-burning	1
tweet-sno-883	0	vclaim-sno-fines-for-bringing-supplies-to-standing-rock-dapl-protests	1
tweet-sno-884	0	vclaim-sno-dapl-routed-through-standing-rock-after-bismarck-residents-said-no	1
tweet-sno-878	0	vclaim-sno-donald-trump-brokers-deal-with-carrier-to-keep-jobs-in-america	1
tweet-sno-886	0	vclaim-sno-will-a-deadline-of-1-january-2017-kill-the-dakota-access-pipeline	1
tweet-sno-887	0	vclaim-sno-ivanka-trump-will-move-into-white-house-to-fill-melanias-vacancy	1
tweet-sno-888	0	vclaim-sno-jill-stein-caught-embezzling-recount-funds-for-marijuana-dinner-party	1
tweet-sno-889	0	vclaim-sno-trump-tower-name-changed-to-dump-tower-in-google-maps	1
tweet-sno-890	0	vclaim-sno-alt-right-hail-trump-salute	1
tweet-sno-891	0	vclaim-sno-celebrity-cruise-lines-attacks-trump-and-his-supporters-in-new-ad	1
tweet-sno-892	0	vclaim-sno-most-trump-protesters-didnt-vote	1
tweet-sno-893	0	vclaim-sno-most-trump-protesters-didnt-vote	1
tweet-sno-894	0	vclaim-sno-most-trump-protesters-didnt-vote	1
tweet-sno-895	0	vclaim-sno-most-trump-protesters-didnt-vote	1
tweet-sno-896	0	vclaim-sno-new-york-police-takes-rutgers-professor-for-psychological-evaluation-over-political-tweet	1
tweet-sno-897	0	vclaim-sno-new-york-police-takes-rutgers-professor-for-psychological-evaluation-over-political-tweet	1
tweet-sno-898	0	vclaim-sno-three-million-votes-in-presidential-election-cast-by-illegal-aliens	1
tweet-sno-899	0	vclaim-sno-three-million-votes-in-presidential-election-cast-by-illegal-aliens	1
tweet-sno-900	0	vclaim-sno-texas-birth-certificates-illegals	1
tweet-sno-901	0	vclaim-sno-pepsi-ceo-tells-trump-supporters-to-take-their-business-elsewhere	1
tweet-sno-902	0	vclaim-sno-pepsi-ceo-tells-trump-supporters-to-take-their-business-elsewhere	1
tweet-sno-903	0	vclaim-sno-offended-muslims-attack-christmas-tree	1
tweet-sno-904	0	vclaim-sno-300000-wisconsin-voters-turned-away-due-to-voter-id-laws	1
tweet-sno-905	0	vclaim-sno-trump-described-the-electoral-college-as-a-disaster	1
tweet-sno-906	0	vclaim-sno-yale-cancels-midterms-after-students-were-upset-by-trumps-win	1
tweet-sno-907	0	vclaim-sno-yale-cancels-midterms-after-students-were-upset-by-trumps-win	1
tweet-sno-908	0	vclaim-sno-noam-chomsky-predicted-trumps-presidency	1
tweet-sno-909	0	vclaim-sno-canadas-immigration-web-site-crashed-after-2016-election	1
tweet-sno-910	0	vclaim-sno-transgender-suicides-after-2016-election	1
tweet-sno-911	0	vclaim-sno-obamaphones-to-be-cut-off	1
tweet-sno-912	0	vclaim-sno-obamaphones-to-be-cut-off	1
tweet-sno-913	0	vclaim-sno-eric-trump-tweets-illegal-ballot-selfie	1
tweet-sno-914	0	vclaim-sno-trump-server-tied-to-russian-bank	1
tweet-sno-915	0	vclaim-sno-clinton-cabbage-odor	1
tweet-sno-916	0	vclaim-sno-hillary-clinton-broomstick-one	1
tweet-sno-917	0	vclaim-sno-huma-abedin-insurance	1
tweet-sno-918	0	vclaim-sno-huma-abedin-insurance	1
tweet-sno-919	0	vclaim-sno-ecstasy-halloween-candy	1
tweet-sno-920	0	vclaim-sno-kaine-yelling-at-his-mistress	1
tweet-sno-921	0	vclaim-sno-hillary-clinton-and-draftourdaughters	1
tweet-sno-922	0	vclaim-sno-hillary-clinton-and-draftourdaughters	1
tweet-sno-923	0	vclaim-sno-obama-golf-outing-with-tiger-woods	1
tweet-sno-924	0	vclaim-sno-eric-braverman-seeks-asylum-in-russia	1
tweet-sno-925	0	vclaim-sno-michael-kors-dog-fur-petition	1
tweet-sno-926	0	vclaim-sno-michael-kors-dog-fur-petition	1
tweet-sno-927	0	vclaim-sno-michael-kors-dog-fur-petition	1
tweet-sno-928	0	vclaim-sno-texas-vote-switching	1
tweet-sno-929	0	vclaim-sno-bill-oreilly-trump-poll	1
tweet-sno-930	0	vclaim-sno-wikileaks-clintons-purchase-200-million-maldives-estate	1
tweet-sno-931	0	vclaim-sno-cheryl-mills-leaked-email	1
tweet-sno-932	0	vclaim-sno-cheryl-mills-leaked-email	1
tweet-sno-933	0	vclaim-sno-brad-pitt-endorses-trump	1
tweet-sno-934	0	vclaim-sno-brad-pitt-endorses-trump	1
tweet-sno-935	0	vclaim-sno-crook-county	1
tweet-sno-936	0	vclaim-sno-mailed-ballots-require-extra-postage	1
tweet-sno-937	0	vclaim-sno-mailed-ballots-require-extra-postage	1
tweet-sno-938	0	vclaim-sno-obama-hot-food-stamps	1
tweet-sno-939	0	vclaim-sno-obama-hot-food-stamps	1
tweet-sno-940	0	vclaim-sno-clinton-four-minute-nuclear	1
tweet-sno-941	0	vclaim-sno-clinton-four-minute-nuclear	1
tweet-sno-942	0	vclaim-sno-clinton-four-minute-nuclear	1
tweet-sno-943	0	vclaim-sno-taxpayers-air-force-one	1
tweet-sno-944	0	vclaim-sno-taxpayers-air-force-one	1
tweet-sno-945	0	vclaim-sno-billy-ocean-death-hoax	1
tweet-sno-946	0	vclaim-sno-postal-worker-caught-destroying-absentee-trump-ballots-in-major-swing-state	1
tweet-sno-947	0	vclaim-sno-can-you-vote-online-with-a-hashtag	1
tweet-sno-948	0	vclaim-sno-can-you-vote-online-with-a-hashtag	1
tweet-sno-949	0	vclaim-sno-defcon-warning-level-escalated-to-3	1
tweet-sno-950	0	vclaim-sno-clown-purge-on-halloween	1
tweet-sno-951	0	vclaim-sno-clown-purge-on-halloween	1
tweet-sno-952	0	vclaim-sno-wikileaks-cofirms-hillary-clinton-sold-weapons-to-isis	1
tweet-sno-953	0	vclaim-sno-jill-stein-endorsed-donald-trump	1
tweet-sno-954	0	vclaim-sno-huge-crowd-at-trump-rally-in-panama-city-florida	1
tweet-sno-955	0	vclaim-sno-newsweek-proves-that-wikileaks-is-leaking-phony-hillary-clinton-emails	1
tweet-sno-956	0	vclaim-sno-hillary-clinton-secretly-opposes-equality	1
tweet-sno-957	0	vclaim-sno-hillary-clinton-secretly-opposes-equality	1
tweet-sno-958	0	vclaim-sno-hillary-calls-voters-bucket-of-losers	1
tweet-sno-959	0	vclaim-sno-clown-masks-banned	1
tweet-sno-960	0	vclaim-sno-african-union-issues-travel-advisory-for-u-s	1
tweet-sno-961	0	vclaim-sno-keyser-snowze	1
tweet-sno-962	0	vclaim-sno-keyser-snowze	1
tweet-sno-963	0	vclaim-sno-donald-trump-didnt-say-vets-with-ptsd-are-weak	1
tweet-sno-964	0	vclaim-sno-donald-trump-didnt-say-vets-with-ptsd-are-weak	1
tweet-sno-965	0	vclaim-sno-bill-clinton-illegitimate-son	1
tweet-sno-966	0	vclaim-sno-julian-assange-drone-strike	1
tweet-sno-967	0	vclaim-sno-julian-assange-drone-strike	1
tweet-sno-968	0	vclaim-sno-pat-robertson-boycott-hillary	1
tweet-sno-969	0	vclaim-sno-muslim-soda-food-stamps	1
tweet-sno-970	0	vclaim-sno-un-demands-slavery-reparations	1
tweet-sno-971	0	vclaim-sno-un-demands-slavery-reparations	1
tweet-sno-972	0	vclaim-sno-chelsea-clinton-marijuana	1
tweet-sno-973	0	vclaim-sno-michael-savage-removed	1
tweet-sno-974	0	vclaim-sno-michael-savage-removed	1
tweet-sno-730	0	vclaim-sno-trump-deletes-global-warning-claim	1
tweet-sno-976	0	vclaim-sno-charlotte-protesters-out-of-state-criminals	1
tweet-sno-977	0	vclaim-sno-police-pop-hoods	1
tweet-sno-978	0	vclaim-sno-black-lives-matter-protesters-beat-homeless-vet	1
tweet-sno-979	0	vclaim-sno-massachusetts-run-from-police	1
tweet-sno-980	0	vclaim-sno-bill-oreilly-and-megan-kelly-are-clinton-operatives	1
tweet-sno-981	0	vclaim-sno-brock-turner-beaten-by-flash-mob	1
tweet-sno-982	0	vclaim-sno-palestinian-terrorists-wife-to-address-clinton-foundation	1
tweet-sno-983	0	vclaim-sno-caucasian-barrel	1
tweet-sno-984	0	vclaim-sno-caucasian-barrel	1
tweet-sno-985	0	vclaim-sno-caucasian-barrel	1
tweet-sno-986	0	vclaim-sno-pa-and-oh-voters-white-trash	1
tweet-sno-987	0	vclaim-sno-hillary-clinton-secret-plane-crash	1
tweet-sno-988	0	vclaim-sno-clinton-campaign-overcharging-donors	1
tweet-sno-989	0	vclaim-sno-judge-bans-vegetable-gardens	1
tweet-sno-990	0	vclaim-sno-pumpkin-spice-charmin	1
tweet-sno-991	0	vclaim-sno-democratic-party-holding-emergency-meeting-to-discuss-replacing-hillary-clinton	1
tweet-sno-992	0	vclaim-sno-donald-trump-haters-and-losers	1
tweet-sno-993	0	vclaim-sno-hillary-barnwell-body-double	1
tweet-sno-994	0	vclaim-sno-nfl-fining-players-for-wearing-911-memorial-cleats	1
tweet-sno-995	0	vclaim-sno-nfl-fining-players-for-wearing-911-memorial-cleats	1
tweet-sno-996	0	vclaim-sno-julian-assange-bernie-sanders-was-threatened	1
tweet-sno-997	0	vclaim-sno-durex-to-produce-eggplant-flavored-condoms	1
tweet-sno-998	0	vclaim-sno-phyllis-schlafly-woman-president-over-my-dead-body	1
